{
  "ut_api_call": 1712116050.403639,
  "plant_photo_id": "Photo-2024-04-03-08-27-00",
  "species_name_to_score": {
    "Pseuderanthemum maculatum": 0.40187,
    "Ixora chinensis": 0.00175,
    "Barleria cristata": 0.00167
  }
}