{
  "ut_api_call": 1712289550.1028633,
  "plant_photo_id": "Photo-2024-04-05-07-43-57",
  "species_name_to_score": {
    "Pongamia pinnata": 0.96582,
    "Tabebuia roseoalba": 0.00281,
    "Handroanthus impetiginosus": 0.00176
  }
}