{
  "ut_api_call": 1710064195,
  "plant_photo_id": "Photo-2024-01-27-10-37-49",
  "species_name_to_score": {
    "Vinca major": 0.86381,
    "Vinca difformis": 0.03413,
    "Vinca herbacea": 0.02309,
    "Vinca minor": 0.01827,
    "Vinca erecta": 0.00434
  }
}