{
  "ut_api_call": 1712116003.2978933,
  "plant_photo_id": "Photo-2024-04-03-07-51-06",
  "species_name_to_score": {
    "Oxalis barrelieri": 0.96072,
    "Oxalis frutescens": 0.00164
  }
}