{
  "ut_api_call": 1714534837.755942,
  "plant_photo_id": "Photo-2024-05-01-07-02-41",
  "species_name_to_score": {
    "Delonix regia": 0.46809,
    "Caesalpinia pulcherrima": 0.00172
  }
}