{
  "ut_api_call": 1719569898.3579545,
  "plant_photo_id": "Photo-2024-06-19-06-58-00",
  "species_name_to_score": {
    "Combretum indicum": 0.63141
  }
}