{
  "ut_api_call": 1712038548.4003325,
  "plant_photo_id": "Photo-2024-04-02-08-41-51",
  "species_name_to_score": {
    "Combretum indicum": 0.48708,
    "Combretum mussaendiflorum": 0.00681
  }
}