{
  "ut_api_call": 1712038423.6895094,
  "plant_photo_id": "Photo-2024-04-02-08-24-20",
  "species_name_to_score": {
    "Cyanthillium cinereum": 0.99678
  }
}