{
  "ut_api_call": 1712115975.888061,
  "plant_photo_id": "Photo-2024-04-03-07-45-40",
  "species_name_to_score": {
    "Mesua ferrea": 0.98426,
    "Polyspora axillaris": 0.00115
  }
}