{
  "ut_api_call": 1712203710.9813874,
  "plant_photo_id": "Photo-2024-04-04-08-15-26",
  "species_name_to_score": {
    "Monoon longifolium": 0.98884
  }
}