{
  "ut_api_call": 1712289574.2827642,
  "plant_photo_id": "Photo-2024-04-05-07-45-35",
  "species_name_to_score": {
    "Pongamia pinnata": 0.97998,
    "Inga laurina": 0.00304,
    "Erythrina poeppigiana": 0.00132
  }
}