{
  "ut_api_call": 1714534844.1046762,
  "plant_photo_id": "Photo-2024-05-01-07-17-53",
  "species_name_to_score": {
    "Mesua ferrea": 0.91369,
    "Oncoba spinosa": 0.00438,
    "Gordonia fruticosa": 0.00366,
    "Polyspora axillaris": 0.00204,
    "Romneya coulteri": 0.00139,
    "Calophyllum caledonicum": 0.00108
  }
}