{
  "ut_api_call": 1715496717.134458,
  "plant_photo_id": "Photo-2024-05-10-06-39-15",
  "species_name_to_score": {
    "Delonix regia": 0.47881,
    "Caesalpinia pulcherrima": 0.0019,
    "Delonix floribunda": 0.00108
  }
}