{
  "ut_api_call": 1712289819.3674057,
  "plant_photo_id": "Photo-2024-04-05-07-55-56",
  "species_name_to_score": {
    "Couroupita guianensis": 0.92705
  }
}