{
  "ut_api_call": 1711964095.7543852,
  "plant_photo_id": "Photo-2024-04-01-08-16-34",
  "species_name_to_score": {
    "Muntingia calabura": 0.98761,
    "Grewia laevigata": 0.0036
  }
}