{
  "ut_api_call": 1712203714.1138153,
  "plant_photo_id": "Photo-2024-04-04-08-15-32",
  "species_name_to_score": {
    "Monoon longifolium": 0.95817
  }
}