{
  "ut_api_call": 1712289615.0265381,
  "plant_photo_id": "Photo-2024-04-05-07-48-16",
  "species_name_to_score": {
    "Mesua ferrea": 0.88719,
    "Luehea divaricata": 0.00421,
    "Eschweilera ovata": 0.00106
  }
}