{
  "ut_api_call": 1711770636.0927837,
  "plant_photo_id": "Photo-2024-03-29-07-56-20",
  "species_name_to_score": {
    "Delonix regia": 0.43534,
    "Enterolobium cyclocarpum": 0.01632,
    "Albizia julibrissin": 0.01247,
    "Cassia grandis": 0.00227,
    "Bombax ceiba": 0.00131,
    "Sorbus aucuparia": 0.00116
  }
}