{
  "ut_api_call": 1712038533.839388,
  "plant_photo_id": "Photo-2024-04-02-08-38-58",
  "species_name_to_score": {
    "Muntingia calabura": 0.93397,
    "Grewia laevigata": 0.00484,
    "Luehea speciosa": 0.00133,
    "Luehea candida": 0.00101
  }
}