{
  "ut_api_call": 1719569893.982379,
  "plant_photo_id": "Photo-2024-06-18-07-56-02",
  "species_name_to_score": {
    "Lagerstroemia speciosa": 0.95158
  }
}