{
  "ut_api_call": 1711964052.9388924,
  "plant_photo_id": "Photo-2024-04-01-07-39-09",
  "species_name_to_score": {
    "Averrhoa carambola": 0.96208
  }
}