{
  "ut_api_call": 1712203599.8277476,
  "plant_photo_id": "Photo-2024-04-04-07-40-45",
  "species_name_to_score": {
    "Barringtonia asiatica": 0.93726,
    "Pachira glabra": 0.00258,
    "Pachira aquatica": 0.00192
  }
}