{
  "ut_api_call": 1719569891.296603,
  "plant_photo_id": "Photo-2024-06-18-07-05-40",
  "species_name_to_score": {
    "Lagerstroemia speciosa": 0.92306,
    "Banisteriopsis caapi": 0.00111
  }
}