{
  "ut_api_call": 1712289561.5505521,
  "plant_photo_id": "Photo-2024-04-05-07-44-53",
  "species_name_to_score": {
    "Mesua ferrea": 0.99007
  }
}