{
  "ut_api_call": 1712203734.8103728,
  "plant_photo_id": "Photo-2024-04-04-08-16-23",
  "species_name_to_score": {
    "Polyscias fruticosa": 0.92727,
    "Polyscias filicifolia": 0.05519,
    "Acer japonicum": 0.00105
  }
}