{
  "ut_api_call": 1715220238.881309,
  "plant_photo_id": "Photo-2024-05-09-06-18-39",
  "species_name_to_score": {
    "Combretum indicum": 0.37802,
    "Kopsia fruticosa": 0.00132,
    "Combretum mussaendiflorum": 0.00106
  }
}