{
  "ut_api_call": 1715220241.6331244,
  "plant_photo_id": "Photo-2024-05-09-06-23-54",
  "species_name_to_score": {
    "Mesua ferrea": 0.95953
  }
}