{
  "ut_api_call": 1715220229.0284557,
  "plant_photo_id": "Photo-2024-05-09-06-17-01",
  "species_name_to_score": {
    "Combretum indicum": 0.59464
  }
}