{
  "ut_api_call": 1710082114,
  "plant_photo_id": "Photo-2024-01-27-10-32-23",
  "species_name_to_score": {
    "Rosa \u00d7 damascena": 0.41822,
    "Rosa abietina": 0.21843,
    "Rosa lucieae": 0.20522,
    "Rosa gallica": 0.03447,
    "Rosa chinensis": 0.00731
  }
}