{
  "ut_api_call": 1710082114,
  "plant_photo_id": "Photo-2024-01-27-10-32-50",
  "species_name_to_score": {
    "Rosa spp.": 0.26434,
    "Rosa gallica": 0.24603,
    "Rosa pendulina": 0.09227,
    "Rosa lucieae": 0.09126,
    "Rosa rubiginosa": 0.02645
  }
}